"Address","Content Type","Size (bytes)","IMG Inlinks","Indexability","Indexability Status","Dimensions"
"https://www.unionknoxville.com/Common/images/loader_grey.gif","image/gif","","2","","","16x16"
"https://maps.gstatic.com/mapfiles/transparent.png","image/png","","1","","","1x1"
"https://www.google.com/recaptcha/api2/payload?p=06AFcWeA4sXVDj9KNtZn75RzfIfkie1yP1VVVurOVUx18Y0UPuq4oJ_YAZIPH_IDfE3NTzFmlrBhvu8EpjfYImVf27qS5PyLJTnbMlwyTe0LGz_YvIS-BeOlfZCfNIkaRA2rQ6V00N_enmJXQ_ZXkCEO4LjaTYFKpNOcx0h0IcBYQh9BLXJjTEn9hggmjf_bLhEutTSR9gBMmN&k=6Lc9tWAUAAAAANUyiHL3dKJ8tLtXewMeLDYF7Zqu","image/jpeg","","9","","",""
"https://www.google.com/recaptcha/api2/payload?p=06AFcWeA5Z466_94LVgfs9p2FagFtzYwU-WnLewr972Sb0OQvnfV7ovC1Muu72NAlpsE89LO7PMmgBQVy75ZVF0LbVWVs-Q_LeTkG3QfAVzns8tDYywScZ_RHzU2vN-I1T4luHlCIUHp5hor0NtHt4beB-Dln_7ydqARE758g8KY2evgtBoP_wHdc_6eDsPl9Nf2ThASKVmdX5&k=6Lc9tWAUAAAAANUyiHL3dKJ8tLtXewMeLDYF7Zqu","image/jpeg","","9","","",""
"https://www.google.com/recaptcha/api2/payload?p=06AFcWeA4wV2XZ9_BaAfYWYfbDCdatrLzv-sNQpJraMO6wfQApta9ek-sQVX8DjArR9Qm-Ww6fkxJSQPxUBs64CpBIVdKnNIR2ZjBA576QB83gEjShyY3_yNSbDIZWVwcZY_oOapa9ZFfeVcQQOPaVdFyTTSDF4eRF_YZ7SWdiOd0RoqZix1hsYUNStPYoCMl2R_L084sParfk&k=6Lc9tWAUAAAAANUyiHL3dKJ8tLtXewMeLDYF7Zqu","image/jpeg","","9","","",""
"https://www.google.com/recaptcha/api2/payload?p=06AFcWeA5FB9P-qQ9QfMA7p_Wl04uB0nwnFzylRgPnbEc87MJrBaEdGQa7LCV9uzteQI0fEP7iEgwGZ7XWV_XD6H2LUGXjdEMSS_jpgR7IW_owIE9Qy6Vf32HUKqEdOmPkTLWFgIpJW5-Xgq7jlzlqzwKUdep5eIreB-CPvNSIxRiVc5lAzh46uPfZtsQ7bYFvQrxUbIHJd_phS-HYqBLGe1HiZo9El3Dz7g&k=6Lc9tWAUAAAAANUyiHL3dKJ8tLtXewMeLDYF7Zqu","image/jpeg","","9","","",""
"https://medialibrarycfo.entrata.com/fit-in/450x450/15027/MLv3/3/27/2023/11/14/112746/6553bc212946a5.46974003735.png","image/webp","","2","","","450x253"
"https://medialibrarycfo.entrata.com/fit-in/450x450/15027/MLv3/3/27/2023/11/14/112750/6553bc2517bcc7.49218082498.png","image/webp","","2","","","450x253"
"https://medialibrarycfo.entrata.com/fit-in/450x450/15027/MLv3/3/27/2023/11/14/112943/6553bc959bae98.24399907272.png","image/webp","","2","","","450x253"
"https://medialibrarycfo.entrata.com/fit-in/450x450/15027/MLv3/3/27/2023/11/14/112748/6553bc230d0564.56357957509.png","image/webp","","2","","","450x253"
"https://medialibrarycfo.entrata.com/fit-in/450x450/15027/MLv3/3/27/2023/11/14/112644/6553bbe2aad278.14605371157.png","image/webp","","2","","","450x253"
"https://medialibrarycfo.entrata.com/fit-in/450x450/15027/MLv3/3/27/2023/11/14/112804/6553bc32c229a6.24910810787.png","image/webp","","2","","","450x253"
"https://medialibrarycfo.entrata.com/fit-in/450x450/15027/MLv3/3/27/2023/11/14/112754/6553bc28d2fea9.76298567631.png","image/webp","","2","","","450x253"
"https://www.google.com/recaptcha/api2/payload?p=06AFcWeA5d0Qziu8WalAws2UhHvmVblBeXMPQYHzjr90P7W1h62yEM-OiHqZFg3ovvVJXVkzyyHF0pu1-e99dm3u4VwbafKIRqICd5GfH9QMrc-QrZ6yvn6qmom5CTNResUBGMMjgeYeTDYc20zTN46MGoG2zJVlE96dudn9bw0FeFjhdmiof7YX46BUNOhL9tPrm8cVIydXYc&k=6Lc9tWAUAAAAANUyiHL3dKJ8tLtXewMeLDYF7Zqu","image/jpeg","","9","","",""
