"Address","Content Type","Status Code","Status","Indexability","Indexability Status","Hash","Length","Canonical Link Element 1","URL Encoded Address"
"https://www.unionknoxville.com/","text/html; charset=UTF-8","200","","","","","31","https://www.unionknoxville.com/","https://www.unionknoxville.com/"
"https://www.unionknoxville.com/cdn-cgi/scripts/5c5dd728/cloudflare-static/email-decode.min.js","application/javascript","200","","","","","93","","https://www.unionknoxville.com/cdn-cgi/scripts/5c5dd728/cloudflare-static/email-decode.min.js"
"https://www.unionknoxville.com/cdn-cgi/l/email-protection","text/html; charset=UTF-8","200","","","","","57","","https://www.unionknoxville.com/cdn-cgi/l/email-protection"
"https://www.unionknoxville.com/cdn-cgi/styles/cf.errors.css","text/css","200","","","","","59","","https://www.unionknoxville.com/cdn-cgi/styles/cf.errors.css"
"https://www.unionknoxville.com/knoxville/union-knoxville/amenities/","text/html; charset=UTF-8","200","","","","","67","https://www.unionknoxville.com/knoxville/union-knoxville/amenities/","https://www.unionknoxville.com/knoxville/union-knoxville/amenities/"
"https://www.unionknoxville.com/knoxville/union-knoxville/map-and-directions/","text/html; charset=UTF-8","200","","","","","76","https://www.unionknoxville.com/knoxville/union-knoxville/map-and-directions/","https://www.unionknoxville.com/knoxville/union-knoxville/map-and-directions/"
"https://www.unionknoxville.com/Common/images/loader_grey.gif","image/gif","200","","","","","60","","https://www.unionknoxville.com/Common/images/loader_grey.gif"
"https://www.unionknoxville.com/knoxville/union-knoxville/faqs/","text/html; charset=UTF-8","200","","","","","62","","https://www.unionknoxville.com/knoxville/union-knoxville/faqs/"
"https://www.unionknoxville.com/Apartments/module/application_authentication/popup/false/kill_session/1/property%5Bid%5D/1226406/","text/html; charset=UTF-8","200","","","","","128","https://www.unionknoxville.com/Apartments/module/application_authentication/","https://www.unionknoxville.com/Apartments/module/application_authentication/popup/false/kill_session/1/property%5Bid%5D/1226406/"
"https://www.unionknoxville.com/Apartments/module/application_authentication/","text/html; charset=UTF-8","200","","","","","76","https://www.unionknoxville.com/Apartments/module/application_authentication/","https://www.unionknoxville.com/Apartments/module/application_authentication/"
"https://www.unionknoxville.com/knoxville/union-knoxville/photos/","text/html; charset=UTF-8","200","","","","","64","https://www.unionknoxville.com/knoxville/union-knoxville/photos/","https://www.unionknoxville.com/knoxville/union-knoxville/photos/"
"https://www.unionknoxville.com/knoxville/union-knoxville/guest-card/contact-us/1/","text/html; charset=UTF-8","200","","","","","81","https://www.unionknoxville.com/knoxville/union-knoxville/guest-card/contact-us/1/","https://www.unionknoxville.com/knoxville/union-knoxville/guest-card/contact-us/1/"
"https://www.unionknoxville.com/knoxville/union-knoxville/student/","text/html; charset=UTF-8","200","","","","","65","https://www.unionknoxville.com/knoxville/union-knoxville/student/","https://www.unionknoxville.com/knoxville/union-knoxville/student/"
"https://www.unionknoxville.com/Apartments/module/application_authentication/action/search_password/","text/html; charset=UTF-8","200","","","","","99","https://www.unionknoxville.com/Apartments/module/application_authentication/","https://www.unionknoxville.com/Apartments/module/application_authentication/action/search_password/"
"https://www.unionknoxville.com/knoxville/union-knoxville/floorplans/e1-987661/fp_name/occupancy_type/student/lease_term%5Bid%5D/9257/space_configuration_id/22//lease_start_window%5Bid%5D/7242/","text/html; charset=UTF-8","200","","","","","192","https://www.unionknoxville.com/knoxville/union-knoxville/floorplans/e1-987661/fp_name/occupancy_type/student/","https://www.unionknoxville.com/knoxville/union-knoxville/floorplans/e1-987661/fp_name/occupancy_type/student/lease_term%5Bid%5D/9257/space_configuration_id/22//lease_start_window%5Bid%5D/7242/"
"https://www.unionknoxville.com/Common/javascript/jquery/galleria/themes/viewer/galleria.viewer.js","application/javascript","200","","","","","97","","https://www.unionknoxville.com/Common/javascript/jquery/galleria/themes/viewer/galleria.viewer.js"
"https://www.unionknoxville.com/knoxville/union-knoxville/floorplans/b3-987651/fp_name/occupancy_type/student/lease_term%5Bid%5D/9257/lease_start_window%5Bid%5D/7242/space_configuration_id/22/","text/html; charset=UTF-8","200","","","","","191","https://www.unionknoxville.com/knoxville/union-knoxville/floorplans/b3-987651/fp_name/occupancy_type/student/","https://www.unionknoxville.com/knoxville/union-knoxville/floorplans/b3-987651/fp_name/occupancy_type/student/lease_term%5Bid%5D/9257/lease_start_window%5Bid%5D/7242/space_configuration_id/22/"
"https://www.unionknoxville.com/knoxville/union-knoxville/floorplans/d3-987656/fp_name/occupancy_type/student/lease_term%5Bid%5D/9257/space_configuration_id/22/lease_start_window%5Bid%5D/7242/","text/html; charset=UTF-8","200","","","","","191","https://www.unionknoxville.com/knoxville/union-knoxville/floorplans/d3-987656/fp_name/occupancy_type/student/","https://www.unionknoxville.com/knoxville/union-knoxville/floorplans/d3-987656/fp_name/occupancy_type/student/lease_term%5Bid%5D/9257/space_configuration_id/22/lease_start_window%5Bid%5D/7242/"
"https://www.unionknoxville.com/knoxville/union-knoxville/","text/html; charset=UTF-8","200","","","","","57","https://www.unionknoxville.com/knoxville/union-knoxville/conventional/","https://www.unionknoxville.com/knoxville/union-knoxville/"
"https://www.unionknoxville.com/knoxville/union-knoxville/floorplans/a1-987647/fp_name/occupancy_type/student/lease_term%5Bid%5D/9257/space_configuration_id/22//lease_start_window%5Bid%5D/7242/","text/html; charset=UTF-8","200","","","","","192","https://www.unionknoxville.com/knoxville/union-knoxville/floorplans/a1-987647/fp_name/occupancy_type/student/","https://www.unionknoxville.com/knoxville/union-knoxville/floorplans/a1-987647/fp_name/occupancy_type/student/lease_term%5Bid%5D/9257/space_configuration_id/22//lease_start_window%5Bid%5D/7242/"
"https://www.unionknoxville.com/knoxville/union-knoxville/floorplans/e1-987661/fp_name/occupancy_type/student/lease_term%5Bid%5D/9257/lease_start_window%5Bid%5D/7242/space_configuration_id/22/","text/html; charset=UTF-8","200","","","","","191","https://www.unionknoxville.com/knoxville/union-knoxville/floorplans/e1-987661/fp_name/occupancy_type/student/","https://www.unionknoxville.com/knoxville/union-knoxville/floorplans/e1-987661/fp_name/occupancy_type/student/lease_term%5Bid%5D/9257/lease_start_window%5Bid%5D/7242/space_configuration_id/22/"
"https://www.unionknoxville.com/knoxville/union-knoxville/floorplans/d2-987655/fp_name/occupancy_type/student/lease_term%5Bid%5D/9257/space_configuration_id/22/lease_start_window%5Bid%5D/7242/","text/html; charset=UTF-8","200","","","","","191","https://www.unionknoxville.com/knoxville/union-knoxville/floorplans/d2-987655/fp_name/occupancy_type/student/","https://www.unionknoxville.com/knoxville/union-knoxville/floorplans/d2-987655/fp_name/occupancy_type/student/lease_term%5Bid%5D/9257/space_configuration_id/22/lease_start_window%5Bid%5D/7242/"
"https://www.unionknoxville.com/knoxville/union-knoxville/floorplans/d2-987655/fp_name/occupancy_type/student/lease_term%5Bid%5D/9257/lease_start_window%5Bid%5D/7242/space_configuration_id/22/","text/html; charset=UTF-8","200","","","","","191","https://www.unionknoxville.com/knoxville/union-knoxville/floorplans/d2-987655/fp_name/occupancy_type/student/","https://www.unionknoxville.com/knoxville/union-knoxville/floorplans/d2-987655/fp_name/occupancy_type/student/lease_term%5Bid%5D/9257/lease_start_window%5Bid%5D/7242/space_configuration_id/22/"
"https://www.unionknoxville.com/knoxville/union-knoxville/floorplans/b3-987651/fp_name/occupancy_type/student/lease_term%5Bid%5D/9257/space_configuration_id/22/lease_start_window%5Bid%5D/7242/","text/html; charset=UTF-8","200","","","","","191","https://www.unionknoxville.com/knoxville/union-knoxville/floorplans/b3-987651/fp_name/occupancy_type/student/","https://www.unionknoxville.com/knoxville/union-knoxville/floorplans/b3-987651/fp_name/occupancy_type/student/lease_term%5Bid%5D/9257/space_configuration_id/22/lease_start_window%5Bid%5D/7242/"
"https://www.unionknoxville.com/knoxville/union-knoxville/floorplans/s1-987664/fp_name/occupancy_type/student/lease_term%5Bid%5D/9257/space_configuration_id/22//lease_start_window%5Bid%5D/7242/","text/html; charset=UTF-8","200","","","","","192","https://www.unionknoxville.com/knoxville/union-knoxville/floorplans/s1-987664/fp_name/occupancy_type/student/","https://www.unionknoxville.com/knoxville/union-knoxville/floorplans/s1-987664/fp_name/occupancy_type/student/lease_term%5Bid%5D/9257/space_configuration_id/22//lease_start_window%5Bid%5D/7242/"
"https://www.unionknoxville.com/knoxville/union-knoxville/floorplans/b1-987649/fp_name/occupancy_type/student/lease_term%5Bid%5D/9257/space_configuration_id/202//lease_start_window%5Bid%5D/7242/","text/html; charset=UTF-8","200","","","","","193","https://www.unionknoxville.com/knoxville/union-knoxville/floorplans/b1-987649/fp_name/occupancy_type/student/","https://www.unionknoxville.com/knoxville/union-knoxville/floorplans/b1-987649/fp_name/occupancy_type/student/lease_term%5Bid%5D/9257/space_configuration_id/202//lease_start_window%5Bid%5D/7242/"
"https://www.unionknoxville.com/knoxville/union-knoxville/floorplans/d3-987656/fp_name/occupancy_type/student/lease_term%5Bid%5D/9257/lease_start_window%5Bid%5D/7242/space_configuration_id/22/","text/html; charset=UTF-8","200","","","","","191","https://www.unionknoxville.com/knoxville/union-knoxville/floorplans/d3-987656/fp_name/occupancy_type/student/","https://www.unionknoxville.com/knoxville/union-knoxville/floorplans/d3-987656/fp_name/occupancy_type/student/lease_term%5Bid%5D/9257/lease_start_window%5Bid%5D/7242/space_configuration_id/22/"
"https://www.unionknoxville.com/knoxville/union-knoxville/floorplans/d1-987654/fp_name/occupancy_type/student/lease_term%5Bid%5D/9257/space_configuration_id/22/lease_start_window%5Bid%5D/7242/","text/html; charset=UTF-8","200","","","","","191","https://www.unionknoxville.com/knoxville/union-knoxville/floorplans/d1-987654/fp_name/occupancy_type/student/","https://www.unionknoxville.com/knoxville/union-knoxville/floorplans/d1-987654/fp_name/occupancy_type/student/lease_term%5Bid%5D/9257/space_configuration_id/22/lease_start_window%5Bid%5D/7242/"
"https://www.unionknoxville.com/Apartments/module/application_authentication/popup/false/kill_session/1/property%5Bid%5D/1226406/property_floorplan%5Bid%5D/987649/lease_term_id/9257/lease_start_window_id/7242/space_configuration_id/202/desired_rent_min/1585/desired_rent_max/1585","text/html; charset=UTF-8","200","","","","","278","https://www.unionknoxville.com/Apartments/module/application_authentication/","https://www.unionknoxville.com/Apartments/module/application_authentication/popup/false/kill_session/1/property%5Bid%5D/1226406/property_floorplan%5Bid%5D/987649/lease_term_id/9257/lease_start_window_id/7242/space_configuration_id/202/desired_rent_min/1585/desired_rent_max/1585"
"https://www.unionknoxville.com/Apartments/module/application_authentication/popup/false/kill_session/1/property%5Bid%5D/1226406/property_floorplan%5Bid%5D/987664/lease_term_id/9257/lease_start_window_id/7242/space_configuration_id/22/desired_rent_min/1665/desired_rent_max/1665","text/html; charset=UTF-8","200","","","","","277","https://www.unionknoxville.com/Apartments/module/application_authentication/","https://www.unionknoxville.com/Apartments/module/application_authentication/popup/false/kill_session/1/property%5Bid%5D/1226406/property_floorplan%5Bid%5D/987664/lease_term_id/9257/lease_start_window_id/7242/space_configuration_id/22/desired_rent_min/1665/desired_rent_max/1665"
"https://www.unionknoxville.com/knoxville/union-knoxville/floorplans/s1-987664/fp_name/occupancy_type/student/lease_term%5Bid%5D/9257/space_configuration_id/22/lease_start_window%5Bid%5D/7242/","text/html; charset=UTF-8","200","","","","","191","https://www.unionknoxville.com/knoxville/union-knoxville/floorplans/s1-987664/fp_name/occupancy_type/student/","https://www.unionknoxville.com/knoxville/union-knoxville/floorplans/s1-987664/fp_name/occupancy_type/student/lease_term%5Bid%5D/9257/space_configuration_id/22/lease_start_window%5Bid%5D/7242/"
"https://www.unionknoxville.com/Apartments/module/application_authentication/popup/false/kill_session/1/property%5Bid%5D/1226406/property_floorplan%5Bid%5D/987651/lease_term_id/9257/lease_start_window_id/7242/space_configuration_id/22/desired_rent_min/1600/desired_rent_max/1600","text/html; charset=UTF-8","200","","","","","277","https://www.unionknoxville.com/Apartments/module/application_authentication/","https://www.unionknoxville.com/Apartments/module/application_authentication/popup/false/kill_session/1/property%5Bid%5D/1226406/property_floorplan%5Bid%5D/987651/lease_term_id/9257/lease_start_window_id/7242/space_configuration_id/22/desired_rent_min/1600/desired_rent_max/1600"
"https://www.unionknoxville.com/Apartments/module/application_authentication/popup/false/kill_session/1/property%5Bid%5D/1226406/property_floorplan%5Bid%5D/987657/lease_term_id/9257/lease_start_window_id/7242/space_configuration_id/22/desired_rent_min/1585/desired_rent_max/1585","text/html; charset=UTF-8","200","","","","","277","https://www.unionknoxville.com/Apartments/module/application_authentication/","https://www.unionknoxville.com/Apartments/module/application_authentication/popup/false/kill_session/1/property%5Bid%5D/1226406/property_floorplan%5Bid%5D/987657/lease_term_id/9257/lease_start_window_id/7242/space_configuration_id/22/desired_rent_min/1585/desired_rent_max/1585"
"https://www.unionknoxville.com/knoxville/union-knoxville/floorplans/d1-987654/fp_name/occupancy_type/student/lease_term%5Bid%5D/9257/space_configuration_id/22//lease_start_window%5Bid%5D/7242/","text/html; charset=UTF-8","200","","","","","192","https://www.unionknoxville.com/knoxville/union-knoxville/floorplans/d1-987654/fp_name/occupancy_type/student/","https://www.unionknoxville.com/knoxville/union-knoxville/floorplans/d1-987654/fp_name/occupancy_type/student/lease_term%5Bid%5D/9257/space_configuration_id/22//lease_start_window%5Bid%5D/7242/"
"https://www.unionknoxville.com/knoxville/union-knoxville/floorplans/d1-987654/fp_name/occupancy_type/student/lease_term%5Bid%5D/9257/lease_start_window%5Bid%5D/7242/space_configuration_id/22/","text/html; charset=UTF-8","200","","","","","191","https://www.unionknoxville.com/knoxville/union-knoxville/floorplans/d1-987654/fp_name/occupancy_type/student/","https://www.unionknoxville.com/knoxville/union-knoxville/floorplans/d1-987654/fp_name/occupancy_type/student/lease_term%5Bid%5D/9257/lease_start_window%5Bid%5D/7242/space_configuration_id/22/"
"https://www.unionknoxville.com/Apartments/module/application_authentication/popup/false/kill_session/1/property%5Bid%5D/1226406/property_floorplan%5Bid%5D/987655/lease_term_id/9257/lease_start_window_id/7242/space_configuration_id/22/desired_rent_min/1555/desired_rent_max/1555","text/html; charset=UTF-8","200","","","","","277","https://www.unionknoxville.com/Apartments/module/application_authentication/","https://www.unionknoxville.com/Apartments/module/application_authentication/popup/false/kill_session/1/property%5Bid%5D/1226406/property_floorplan%5Bid%5D/987655/lease_term_id/9257/lease_start_window_id/7242/space_configuration_id/22/desired_rent_min/1555/desired_rent_max/1555"
"https://www.unionknoxville.com/knoxville/union-knoxville/floorplans/d5-987657/fp_name/occupancy_type/student/lease_term%5Bid%5D/9257/space_configuration_id/22/lease_start_window%5Bid%5D/7242/","text/html; charset=UTF-8","200","","","","","191","https://www.unionknoxville.com/knoxville/union-knoxville/floorplans/d5-987657/fp_name/occupancy_type/student/","https://www.unionknoxville.com/knoxville/union-knoxville/floorplans/d5-987657/fp_name/occupancy_type/student/lease_term%5Bid%5D/9257/space_configuration_id/22/lease_start_window%5Bid%5D/7242/"
"https://www.unionknoxville.com/Apartments/module/application_authentication/popup/false/kill_session/1/property%5Bid%5D/1226406/property_floorplan%5Bid%5D/987654/lease_term_id/9257/lease_start_window_id/7242/space_configuration_id/22/desired_rent_min/1585/desired_rent_max/1585","text/html; charset=UTF-8","200","","","","","277","https://www.unionknoxville.com/Apartments/module/application_authentication/","https://www.unionknoxville.com/Apartments/module/application_authentication/popup/false/kill_session/1/property%5Bid%5D/1226406/property_floorplan%5Bid%5D/987654/lease_term_id/9257/lease_start_window_id/7242/space_configuration_id/22/desired_rent_min/1585/desired_rent_max/1585"
"https://www.unionknoxville.com/knoxville/union-knoxville/floorplans/a1-987647/fp_name/occupancy_type/student/lease_term%5Bid%5D/9257/lease_start_window%5Bid%5D/7242/space_configuration_id/22/","text/html; charset=UTF-8","200","","","","","191","https://www.unionknoxville.com/knoxville/union-knoxville/floorplans/a1-987647/fp_name/occupancy_type/student/","https://www.unionknoxville.com/knoxville/union-knoxville/floorplans/a1-987647/fp_name/occupancy_type/student/lease_term%5Bid%5D/9257/lease_start_window%5Bid%5D/7242/space_configuration_id/22/"
"https://www.unionknoxville.com/knoxville/union-knoxville/floorplans/d2-987655/fp_name/occupancy_type/student/lease_term%5Bid%5D/9257/space_configuration_id/22//lease_start_window%5Bid%5D/7242/","text/html; charset=UTF-8","200","","","","","192","https://www.unionknoxville.com/knoxville/union-knoxville/floorplans/d2-987655/fp_name/occupancy_type/student/","https://www.unionknoxville.com/knoxville/union-knoxville/floorplans/d2-987655/fp_name/occupancy_type/student/lease_term%5Bid%5D/9257/space_configuration_id/22//lease_start_window%5Bid%5D/7242/"
"https://www.unionknoxville.com/knoxville/union-knoxville/floorplans/a1-987647/fp_name/occupancy_type/student/lease_term%5Bid%5D/9257/space_configuration_id/22/lease_start_window%5Bid%5D/7242/","text/html; charset=UTF-8","200","","","","","191","https://www.unionknoxville.com/knoxville/union-knoxville/floorplans/a1-987647/fp_name/occupancy_type/student/","https://www.unionknoxville.com/knoxville/union-knoxville/floorplans/a1-987647/fp_name/occupancy_type/student/lease_term%5Bid%5D/9257/space_configuration_id/22/lease_start_window%5Bid%5D/7242/"
"https://www.unionknoxville.com/knoxville/union-knoxville/floorplans/e3a-987663/fp_name/occupancy_type/student/lease_term%5Bid%5D/9257/lease_start_window%5Bid%5D/7242/space_configuration_id/354/","text/html; charset=UTF-8","200","","","","","193","https://www.unionknoxville.com/knoxville/union-knoxville/floorplans/e3a-987663/fp_name/occupancy_type/student/","https://www.unionknoxville.com/knoxville/union-knoxville/floorplans/e3a-987663/fp_name/occupancy_type/student/lease_term%5Bid%5D/9257/lease_start_window%5Bid%5D/7242/space_configuration_id/354/"
"https://www.unionknoxville.com/knoxville/union-knoxville/floorplans/e3a-987663/fp_name/occupancy_type/student/lease_term%5Bid%5D/9257/space_configuration_id/354//lease_start_window%5Bid%5D/7242/","text/html; charset=UTF-8","200","","","","","194","https://www.unionknoxville.com/knoxville/union-knoxville/floorplans/e3a-987663/fp_name/occupancy_type/student/","https://www.unionknoxville.com/knoxville/union-knoxville/floorplans/e3a-987663/fp_name/occupancy_type/student/lease_term%5Bid%5D/9257/space_configuration_id/354//lease_start_window%5Bid%5D/7242/"
"https://www.unionknoxville.com/knoxville/union-knoxville/floorplans/b1-987649/fp_name/occupancy_type/student/lease_term%5Bid%5D/9257/lease_start_window%5Bid%5D/7242/space_configuration_id/202/","text/html; charset=UTF-8","200","","","","","192","https://www.unionknoxville.com/knoxville/union-knoxville/floorplans/b1-987649/fp_name/occupancy_type/student/","https://www.unionknoxville.com/knoxville/union-knoxville/floorplans/b1-987649/fp_name/occupancy_type/student/lease_term%5Bid%5D/9257/lease_start_window%5Bid%5D/7242/space_configuration_id/202/"
"https://www.unionknoxville.com/knoxville/union-knoxville/floorplans/d5-987657/fp_name/occupancy_type/student/lease_term%5Bid%5D/9257/space_configuration_id/22//lease_start_window%5Bid%5D/7242/","text/html; charset=UTF-8","200","","","","","192","https://www.unionknoxville.com/knoxville/union-knoxville/floorplans/d5-987657/fp_name/occupancy_type/student/","https://www.unionknoxville.com/knoxville/union-knoxville/floorplans/d5-987657/fp_name/occupancy_type/student/lease_term%5Bid%5D/9257/space_configuration_id/22//lease_start_window%5Bid%5D/7242/"
"https://www.unionknoxville.com/knoxville/union-knoxville/floorplans/e3a-987663/fp_name/occupancy_type/student/lease_term%5Bid%5D/9257/space_configuration_id/354/lease_start_window%5Bid%5D/7242/","text/html; charset=UTF-8","200","","","","","193","https://www.unionknoxville.com/knoxville/union-knoxville/floorplans/e3a-987663/fp_name/occupancy_type/student/","https://www.unionknoxville.com/knoxville/union-knoxville/floorplans/e3a-987663/fp_name/occupancy_type/student/lease_term%5Bid%5D/9257/space_configuration_id/354/lease_start_window%5Bid%5D/7242/"
"https://www.unionknoxville.com/knoxville/union-knoxville/floorplans/e2-987662/fp_name/occupancy_type/student/lease_term%5Bid%5D/9257/space_configuration_id/353/lease_start_window%5Bid%5D/7242/","text/html; charset=UTF-8","200","","","","","192","https://www.unionknoxville.com/knoxville/union-knoxville/floorplans/e2-987662/fp_name/occupancy_type/student/","https://www.unionknoxville.com/knoxville/union-knoxville/floorplans/e2-987662/fp_name/occupancy_type/student/lease_term%5Bid%5D/9257/space_configuration_id/353/lease_start_window%5Bid%5D/7242/"
"https://www.unionknoxville.com/knoxville/union-knoxville/floorplans/s1-987664/fp_name/occupancy_type/student/lease_term%5Bid%5D/9257/lease_start_window%5Bid%5D/7242/space_configuration_id/22/","text/html; charset=UTF-8","200","","","","","191","https://www.unionknoxville.com/knoxville/union-knoxville/floorplans/s1-987664/fp_name/occupancy_type/student/","https://www.unionknoxville.com/knoxville/union-knoxville/floorplans/s1-987664/fp_name/occupancy_type/student/lease_term%5Bid%5D/9257/lease_start_window%5Bid%5D/7242/space_configuration_id/22/"
"https://www.unionknoxville.com/knoxville/union-knoxville/floorplans/d5-987657/fp_name/occupancy_type/student/lease_term%5Bid%5D/9257/lease_start_window%5Bid%5D/7242/space_configuration_id/22/","text/html; charset=UTF-8","200","","","","","191","https://www.unionknoxville.com/knoxville/union-knoxville/floorplans/d5-987657/fp_name/occupancy_type/student/","https://www.unionknoxville.com/knoxville/union-knoxville/floorplans/d5-987657/fp_name/occupancy_type/student/lease_term%5Bid%5D/9257/lease_start_window%5Bid%5D/7242/space_configuration_id/22/"
"https://www.unionknoxville.com/Apartments/module/application_authentication/popup/false/kill_session/1/property%5Bid%5D/1226406/property_floorplan%5Bid%5D/987662/lease_term_id/9257/lease_start_window_id/7242/space_configuration_id/353/desired_rent_min/1610/desired_rent_max/1610","text/html; charset=UTF-8","200","","","","","278","https://www.unionknoxville.com/Apartments/module/application_authentication/","https://www.unionknoxville.com/Apartments/module/application_authentication/popup/false/kill_session/1/property%5Bid%5D/1226406/property_floorplan%5Bid%5D/987662/lease_term_id/9257/lease_start_window_id/7242/space_configuration_id/353/desired_rent_min/1610/desired_rent_max/1610"
"https://www.unionknoxville.com/knoxville/union-knoxville/floorplans/action/view_floorplan/property_floorplan%5Bid%5D/987651/additional_floorplans/1/occupancy_type/student/occupancy_type/student/lease_term%5Bid%5D/9257/lease_start_window%5Bid%5D/7242/space_configuration_id/22/","text/html; charset=UTF-8","200","","","","","276","","https://www.unionknoxville.com/knoxville/union-knoxville/floorplans/action/view_floorplan/property_floorplan%5Bid%5D/987651/additional_floorplans/1/occupancy_type/student/occupancy_type/student/lease_term%5Bid%5D/9257/lease_start_window%5Bid%5D/7242/space_configuration_id/22/"
"https://www.unionknoxville.com/Apartments/module/application_authentication/popup/false/kill_session/1/property%5Bid%5D/1226406/property_floorplan%5Bid%5D/987661/lease_term_id/9257/lease_start_window_id/7242/space_configuration_id/22/desired_rent_min/1575/desired_rent_max/1575","text/html; charset=UTF-8","200","","","","","277","https://www.unionknoxville.com/Apartments/module/application_authentication/","https://www.unionknoxville.com/Apartments/module/application_authentication/popup/false/kill_session/1/property%5Bid%5D/1226406/property_floorplan%5Bid%5D/987661/lease_term_id/9257/lease_start_window_id/7242/space_configuration_id/22/desired_rent_min/1575/desired_rent_max/1575"
"https://www.unionknoxville.com/knoxville/union-knoxville/floorplans/action/view_floorplan/property_floorplan%5Bid%5D/987656/additional_floorplans/1/occupancy_type/student/occupancy_type/student/lease_term%5Bid%5D/9257/lease_start_window%5Bid%5D/7242/space_configuration_id/22/","text/html; charset=UTF-8","200","","","","","276","","https://www.unionknoxville.com/knoxville/union-knoxville/floorplans/action/view_floorplan/property_floorplan%5Bid%5D/987656/additional_floorplans/1/occupancy_type/student/occupancy_type/student/lease_term%5Bid%5D/9257/lease_start_window%5Bid%5D/7242/space_configuration_id/22/"
"https://www.unionknoxville.com/knoxville/union-knoxville/floorplans/action/view_floorplan/property_floorplan%5Bid%5D/987647/additional_floorplans/1/occupancy_type/student/occupancy_type/student/lease_term%5Bid%5D/9257/space_configuration_id/22//lease_start_window%5Bid%5D/7242/","text/html; charset=UTF-8","200","","","","","277","","https://www.unionknoxville.com/knoxville/union-knoxville/floorplans/action/view_floorplan/property_floorplan%5Bid%5D/987647/additional_floorplans/1/occupancy_type/student/occupancy_type/student/lease_term%5Bid%5D/9257/space_configuration_id/22//lease_start_window%5Bid%5D/7242/"
"https://www.unionknoxville.com/knoxville/union-knoxville/floorplans/e2-987662/fp_name/occupancy_type/student/lease_term%5Bid%5D/9257/space_configuration_id/353//lease_start_window%5Bid%5D/7242/","text/html; charset=UTF-8","200","","","","","193","https://www.unionknoxville.com/knoxville/union-knoxville/floorplans/e2-987662/fp_name/occupancy_type/student/","https://www.unionknoxville.com/knoxville/union-knoxville/floorplans/e2-987662/fp_name/occupancy_type/student/lease_term%5Bid%5D/9257/space_configuration_id/353//lease_start_window%5Bid%5D/7242/"
"https://www.unionknoxville.com/knoxville/union-knoxville/floorplans/action/view_floorplan/property_floorplan%5Bid%5D/987656/additional_floorplans/1/occupancy_type/student/occupancy_type/student/lease_term%5Bid%5D/9257/space_configuration_id/22/lease_start_window%5Bid%5D/7242/","text/html; charset=UTF-8","200","","","","","276","","https://www.unionknoxville.com/knoxville/union-knoxville/floorplans/action/view_floorplan/property_floorplan%5Bid%5D/987656/additional_floorplans/1/occupancy_type/student/occupancy_type/student/lease_term%5Bid%5D/9257/space_configuration_id/22/lease_start_window%5Bid%5D/7242/"
"https://www.unionknoxville.com/knoxville/union-knoxville/floorplans/e1-987661/fp_name/occupancy_type/student/lease_term%5Bid%5D/9257/space_configuration_id/22/lease_start_window%5Bid%5D/7242/","text/html; charset=UTF-8","200","","","","","191","https://www.unionknoxville.com/knoxville/union-knoxville/floorplans/e1-987661/fp_name/occupancy_type/student/","https://www.unionknoxville.com/knoxville/union-knoxville/floorplans/e1-987661/fp_name/occupancy_type/student/lease_term%5Bid%5D/9257/space_configuration_id/22/lease_start_window%5Bid%5D/7242/"
"https://www.unionknoxville.com/knoxville/union-knoxville/floorplans/e2-987662/fp_name/occupancy_type/student/lease_term%5Bid%5D/9257/lease_start_window%5Bid%5D/7242/space_configuration_id/353/","text/html; charset=UTF-8","200","","","","","192","https://www.unionknoxville.com/knoxville/union-knoxville/floorplans/e2-987662/fp_name/occupancy_type/student/","https://www.unionknoxville.com/knoxville/union-knoxville/floorplans/e2-987662/fp_name/occupancy_type/student/lease_term%5Bid%5D/9257/lease_start_window%5Bid%5D/7242/space_configuration_id/353/"
"https://www.unionknoxville.com/knoxville/union-knoxville/floorplans/action/view_floorplan/property_floorplan%5Bid%5D/987655/additional_floorplans/1/occupancy_type/student/occupancy_type/student/lease_term%5Bid%5D/9257/space_configuration_id/22/lease_start_window%5Bid%5D/7242/","text/html; charset=UTF-8","200","","","","","276","","https://www.unionknoxville.com/knoxville/union-knoxville/floorplans/action/view_floorplan/property_floorplan%5Bid%5D/987655/additional_floorplans/1/occupancy_type/student/occupancy_type/student/lease_term%5Bid%5D/9257/space_configuration_id/22/lease_start_window%5Bid%5D/7242/"
"https://www.unionknoxville.com/knoxville/union-knoxville/floorplans/action/view_floorplan/property_floorplan%5Bid%5D/987661/additional_floorplans/1/occupancy_type/student/occupancy_type/student/lease_term%5Bid%5D/9257/lease_start_window%5Bid%5D/7242/space_configuration_id/22/","text/html; charset=UTF-8","200","","","","","276","","https://www.unionknoxville.com/knoxville/union-knoxville/floorplans/action/view_floorplan/property_floorplan%5Bid%5D/987661/additional_floorplans/1/occupancy_type/student/occupancy_type/student/lease_term%5Bid%5D/9257/lease_start_window%5Bid%5D/7242/space_configuration_id/22/"
"https://www.unionknoxville.com/knoxville/union-knoxville/floorplans/b3-987651/fp_name/occupancy_type/student/lease_term%5Bid%5D/9257/space_configuration_id/22//lease_start_window%5Bid%5D/7242/","text/html; charset=UTF-8","200","","","","","192","https://www.unionknoxville.com/knoxville/union-knoxville/floorplans/b3-987651/fp_name/occupancy_type/student/","https://www.unionknoxville.com/knoxville/union-knoxville/floorplans/b3-987651/fp_name/occupancy_type/student/lease_term%5Bid%5D/9257/space_configuration_id/22//lease_start_window%5Bid%5D/7242/"
"https://www.unionknoxville.com/knoxville/union-knoxville/floorplans/action/view_floorplan/property_floorplan%5Bid%5D/987661/additional_floorplans/1/occupancy_type/student/occupancy_type/student/lease_term%5Bid%5D/9257/space_configuration_id/22//lease_start_window%5Bid%5D/7242/","text/html; charset=UTF-8","200","","","","","277","","https://www.unionknoxville.com/knoxville/union-knoxville/floorplans/action/view_floorplan/property_floorplan%5Bid%5D/987661/additional_floorplans/1/occupancy_type/student/occupancy_type/student/lease_term%5Bid%5D/9257/space_configuration_id/22//lease_start_window%5Bid%5D/7242/"
"https://www.unionknoxville.com/Apartments/module/application_authentication/popup/false/kill_session/1/property%5Bid%5D/1226406/property_floorplan%5Bid%5D/987656/lease_term_id/9257/lease_start_window_id/7242/space_configuration_id/22/desired_rent_min/1565/desired_rent_max/1565","text/html; charset=UTF-8","200","","","","","277","https://www.unionknoxville.com/Apartments/module/application_authentication/","https://www.unionknoxville.com/Apartments/module/application_authentication/popup/false/kill_session/1/property%5Bid%5D/1226406/property_floorplan%5Bid%5D/987656/lease_term_id/9257/lease_start_window_id/7242/space_configuration_id/22/desired_rent_min/1565/desired_rent_max/1565"
"https://www.unionknoxville.com/knoxville/union-knoxville/floorplans/b1-987649/fp_name/occupancy_type/student/lease_term%5Bid%5D/9257/space_configuration_id/202/lease_start_window%5Bid%5D/7242/","text/html; charset=UTF-8","200","","","","","192","https://www.unionknoxville.com/knoxville/union-knoxville/floorplans/b1-987649/fp_name/occupancy_type/student/","https://www.unionknoxville.com/knoxville/union-knoxville/floorplans/b1-987649/fp_name/occupancy_type/student/lease_term%5Bid%5D/9257/space_configuration_id/202/lease_start_window%5Bid%5D/7242/"
"https://www.unionknoxville.com/knoxville/union-knoxville/floorplans/d3-987656/fp_name/occupancy_type/student/lease_term%5Bid%5D/9257/space_configuration_id/22//lease_start_window%5Bid%5D/7242/","text/html; charset=UTF-8","200","","","","","192","https://www.unionknoxville.com/knoxville/union-knoxville/floorplans/d3-987656/fp_name/occupancy_type/student/","https://www.unionknoxville.com/knoxville/union-knoxville/floorplans/d3-987656/fp_name/occupancy_type/student/lease_term%5Bid%5D/9257/space_configuration_id/22//lease_start_window%5Bid%5D/7242/"
"https://www.unionknoxville.com/Apartments/module/application_authentication/popup/false/kill_session/1/property%5Bid%5D/1226406/property_floorplan%5Bid%5D/987647/lease_term_id/9257/lease_start_window_id/7242/space_configuration_id/22/desired_rent_min/1840/desired_rent_max/1840","text/html; charset=UTF-8","200","","","","","277","https://www.unionknoxville.com/Apartments/module/application_authentication/","https://www.unionknoxville.com/Apartments/module/application_authentication/popup/false/kill_session/1/property%5Bid%5D/1226406/property_floorplan%5Bid%5D/987647/lease_term_id/9257/lease_start_window_id/7242/space_configuration_id/22/desired_rent_min/1840/desired_rent_max/1840"
"https://www.unionknoxville.com/Apartments/module/application_authentication/popup/false/kill_session/1/property%5Bid%5D/1226406/property_floorplan%5Bid%5D/987663/lease_term_id/9257/lease_start_window_id/7242/space_configuration_id/354/desired_rent_min/1635/desired_rent_max/1635","text/html; charset=UTF-8","200","","","","","278","https://www.unionknoxville.com/Apartments/module/application_authentication/","https://www.unionknoxville.com/Apartments/module/application_authentication/popup/false/kill_session/1/property%5Bid%5D/1226406/property_floorplan%5Bid%5D/987663/lease_term_id/9257/lease_start_window_id/7242/space_configuration_id/354/desired_rent_min/1635/desired_rent_max/1635"
"https://www.unionknoxville.com/knoxville/union-knoxville/floorplans/d5-987657/fp_name/occupancy_type/student/","text/html; charset=UTF-8","200","","","","","109","https://www.unionknoxville.com/knoxville/union-knoxville/floorplans/d5-987657/fp_name/occupancy_type/student/","https://www.unionknoxville.com/knoxville/union-knoxville/floorplans/d5-987657/fp_name/occupancy_type/student/"
"https://www.unionknoxville.com/knoxville/union-knoxville/student/lease_term_id/9257/","text/html; charset=UTF-8","200","","","","","84","https://www.unionknoxville.com/knoxville/union-knoxville/student/","https://www.unionknoxville.com/knoxville/union-knoxville/student/lease_term_id/9257/"
"https://www.unionknoxville.com/Apartments/module/application_authentication/popup/false/kill_session/1/property%5Bid%5D/1226406/property_floorplan%5Bid%5D/987657/lease_term_id/9257/lease_start_window_id/7242/space_configuration_id/22/desired_rent_min/1,585/desired_rent_max/1,585","text/html; charset=UTF-8","200","","","","","279","https://www.unionknoxville.com/Apartments/module/application_authentication/","https://www.unionknoxville.com/Apartments/module/application_authentication/popup/false/kill_session/1/property%5Bid%5D/1226406/property_floorplan%5Bid%5D/987657/lease_term_id/9257/lease_start_window_id/7242/space_configuration_id/22/desired_rent_min/1,585/desired_rent_max/1,585"
"https://www.unionknoxville.com/knoxville/union-knoxville/floorplans/d1-987654/fp_name/occupancy_type/student/","text/html; charset=UTF-8","200","","","","","109","https://www.unionknoxville.com/knoxville/union-knoxville/floorplans/d1-987654/fp_name/occupancy_type/student/","https://www.unionknoxville.com/knoxville/union-knoxville/floorplans/d1-987654/fp_name/occupancy_type/student/"
"https://www.unionknoxville.com/knoxville/union-knoxville/floorplans/b1-987649/fp_name/occupancy_type/student/","text/html; charset=UTF-8","200","","","","","109","https://www.unionknoxville.com/knoxville/union-knoxville/floorplans/b1-987649/fp_name/occupancy_type/student/","https://www.unionknoxville.com/knoxville/union-knoxville/floorplans/b1-987649/fp_name/occupancy_type/student/"
"https://www.unionknoxville.com/knoxville/union-knoxville/floorplans/e3a-987663/fp_name/occupancy_type/student/","text/html; charset=UTF-8","200","","","","","110","https://www.unionknoxville.com/knoxville/union-knoxville/floorplans/e3a-987663/fp_name/occupancy_type/student/","https://www.unionknoxville.com/knoxville/union-knoxville/floorplans/e3a-987663/fp_name/occupancy_type/student/"
"https://www.unionknoxville.com/knoxville/union-knoxville/floorplans/e1-987661/fp_name/occupancy_type/student/","text/html; charset=UTF-8","200","","","","","109","https://www.unionknoxville.com/knoxville/union-knoxville/floorplans/e1-987661/fp_name/occupancy_type/student/","https://www.unionknoxville.com/knoxville/union-knoxville/floorplans/e1-987661/fp_name/occupancy_type/student/"
"https://www.unionknoxville.com/knoxville/union-knoxville/floorplans/b3-987651/fp_name/occupancy_type/student/","text/html; charset=UTF-8","200","","","","","109","https://www.unionknoxville.com/knoxville/union-knoxville/floorplans/b3-987651/fp_name/occupancy_type/student/","https://www.unionknoxville.com/knoxville/union-knoxville/floorplans/b3-987651/fp_name/occupancy_type/student/"
"https://www.unionknoxville.com/knoxville/union-knoxville/floorplans/e2-987662/fp_name/occupancy_type/student/","text/html; charset=UTF-8","200","","","","","109","https://www.unionknoxville.com/knoxville/union-knoxville/floorplans/e2-987662/fp_name/occupancy_type/student/","https://www.unionknoxville.com/knoxville/union-knoxville/floorplans/e2-987662/fp_name/occupancy_type/student/"
"https://www.unionknoxville.com/knoxville/union-knoxville/floorplans/s1-987664/fp_name/occupancy_type/student/","text/html; charset=UTF-8","200","","","","","109","https://www.unionknoxville.com/knoxville/union-knoxville/floorplans/s1-987664/fp_name/occupancy_type/student/","https://www.unionknoxville.com/knoxville/union-knoxville/floorplans/s1-987664/fp_name/occupancy_type/student/"
"https://www.unionknoxville.com/knoxville/union-knoxville/floorplans/d3-987656/fp_name/occupancy_type/student/","text/html; charset=UTF-8","200","","","","","109","https://www.unionknoxville.com/knoxville/union-knoxville/floorplans/d3-987656/fp_name/occupancy_type/student/","https://www.unionknoxville.com/knoxville/union-knoxville/floorplans/d3-987656/fp_name/occupancy_type/student/"
"https://www.unionknoxville.com/knoxville/union-knoxville/floorplans/a1-987647/fp_name/occupancy_type/student/","text/html; charset=UTF-8","200","","","","","109","https://www.unionknoxville.com/knoxville/union-knoxville/floorplans/a1-987647/fp_name/occupancy_type/student/","https://www.unionknoxville.com/knoxville/union-knoxville/floorplans/a1-987647/fp_name/occupancy_type/student/"
"https://www.unionknoxville.com/knoxville/union-knoxville/floorplans/d2-987655/fp_name/occupancy_type/student/","text/html; charset=UTF-8","200","","","","","109","https://www.unionknoxville.com/knoxville/union-knoxville/floorplans/d2-987655/fp_name/occupancy_type/student/","https://www.unionknoxville.com/knoxville/union-knoxville/floorplans/d2-987655/fp_name/occupancy_type/student/"
"https://www.unionknoxville.com/knoxville/union-knoxville/floorplans/action/view_floorplan/property_floorplan%5Bid%5D/987662/additional_floorplans/1/occupancy_type/student/occupancy_type/student/","text/html; charset=UTF-8","200","","","","","194","","https://www.unionknoxville.com/knoxville/union-knoxville/floorplans/action/view_floorplan/property_floorplan%5Bid%5D/987662/additional_floorplans/1/occupancy_type/student/occupancy_type/student/"
"https://www.unionknoxville.com/knoxville/union-knoxville/floorplans/action/view_floorplan/property_floorplan%5Bid%5D/987647/additional_floorplans/1/occupancy_type/student/occupancy_type/student/","text/html; charset=UTF-8","200","","","","","194","","https://www.unionknoxville.com/knoxville/union-knoxville/floorplans/action/view_floorplan/property_floorplan%5Bid%5D/987647/additional_floorplans/1/occupancy_type/student/occupancy_type/student/"
"https://www.unionknoxville.com/knoxville/union-knoxville/floorplans/action/view_floorplan/property_floorplan%5Bid%5D/987656/additional_floorplans/1/occupancy_type/student/occupancy_type/student/","text/html; charset=UTF-8","200","","","","","194","","https://www.unionknoxville.com/knoxville/union-knoxville/floorplans/action/view_floorplan/property_floorplan%5Bid%5D/987656/additional_floorplans/1/occupancy_type/student/occupancy_type/student/"
"https://www.unionknoxville.com/knoxville/union-knoxville/floorplans/action/view_floorplan/property_floorplan%5Bid%5D/987661/additional_floorplans/1/occupancy_type/student/occupancy_type/student/","text/html; charset=UTF-8","200","","","","","194","","https://www.unionknoxville.com/knoxville/union-knoxville/floorplans/action/view_floorplan/property_floorplan%5Bid%5D/987661/additional_floorplans/1/occupancy_type/student/occupancy_type/student/"
"https://www.unionknoxville.com/knoxville/union-knoxville/floorplans/action/view_floorplan/property_floorplan%5Bid%5D/987655/additional_floorplans/1/occupancy_type/student/occupancy_type/student/","text/html; charset=UTF-8","200","","","","","194","","https://www.unionknoxville.com/knoxville/union-knoxville/floorplans/action/view_floorplan/property_floorplan%5Bid%5D/987655/additional_floorplans/1/occupancy_type/student/occupancy_type/student/"
"https://www.unionknoxville.com/knoxville/union-knoxville/floorplans/action/view_floorplan/property_floorplan%5Bid%5D/987664/additional_floorplans/1/occupancy_type/student/occupancy_type/student/","text/html; charset=UTF-8","200","","","","","194","","https://www.unionknoxville.com/knoxville/union-knoxville/floorplans/action/view_floorplan/property_floorplan%5Bid%5D/987664/additional_floorplans/1/occupancy_type/student/occupancy_type/student/"
"https://www.unionknoxville.com/Apartments/module/application_authentication/popup/false/kill_session/1/property%5Bid%5D/1226406/property_floorplan%5Bid%5D/987663/lease_term_id/9257/lease_start_window_id/7242/space_configuration_id/354/desired_rent_min/1,635/desired_rent_max/1,635","text/html; charset=UTF-8","200","","","","","280","https://www.unionknoxville.com/Apartments/module/application_authentication/","https://www.unionknoxville.com/Apartments/module/application_authentication/popup/false/kill_session/1/property%5Bid%5D/1226406/property_floorplan%5Bid%5D/987663/lease_term_id/9257/lease_start_window_id/7242/space_configuration_id/354/desired_rent_min/1,635/desired_rent_max/1,635"
"https://www.unionknoxville.com/Apartments/module/application_authentication/popup/false/kill_session/1/property%5Bid%5D/1226406/property_floorplan%5Bid%5D/987664/lease_term_id/9257/lease_start_window_id/7242/space_configuration_id/22/desired_rent_min/1,665/desired_rent_max/1,665","text/html; charset=UTF-8","200","","","","","279","https://www.unionknoxville.com/Apartments/module/application_authentication/","https://www.unionknoxville.com/Apartments/module/application_authentication/popup/false/kill_session/1/property%5Bid%5D/1226406/property_floorplan%5Bid%5D/987664/lease_term_id/9257/lease_start_window_id/7242/space_configuration_id/22/desired_rent_min/1,665/desired_rent_max/1,665"
"https://www.unionknoxville.com/Apartments/module/application_authentication/popup/false/kill_session/1/property%5Bid%5D/1226406/property_floorplan%5Bid%5D/987655/lease_term_id/9257/lease_start_window_id/7242/space_configuration_id/22/desired_rent_min/1,555/desired_rent_max/1,555","text/html; charset=UTF-8","200","","","","","279","https://www.unionknoxville.com/Apartments/module/application_authentication/","https://www.unionknoxville.com/Apartments/module/application_authentication/popup/false/kill_session/1/property%5Bid%5D/1226406/property_floorplan%5Bid%5D/987655/lease_term_id/9257/lease_start_window_id/7242/space_configuration_id/22/desired_rent_min/1,555/desired_rent_max/1,555"
"https://www.unionknoxville.com/Apartments/module/application_authentication/popup/false/kill_session/1/property%5Bid%5D/1226406/property_floorplan%5Bid%5D/987662/lease_term_id/9257/lease_start_window_id/7242/space_configuration_id/353/desired_rent_min/1,610/desired_rent_max/1,610","text/html; charset=UTF-8","200","","","","","280","https://www.unionknoxville.com/Apartments/module/application_authentication/","https://www.unionknoxville.com/Apartments/module/application_authentication/popup/false/kill_session/1/property%5Bid%5D/1226406/property_floorplan%5Bid%5D/987662/lease_term_id/9257/lease_start_window_id/7242/space_configuration_id/353/desired_rent_min/1,610/desired_rent_max/1,610"
"https://www.unionknoxville.com/Apartments/module/application_authentication/popup/false/kill_session/1/property%5Bid%5D/1226406/property_floorplan%5Bid%5D/987647/lease_term_id/9257/lease_start_window_id/7242/space_configuration_id/22/desired_rent_min/1,840/desired_rent_max/1,840","text/html; charset=UTF-8","200","","","","","279","https://www.unionknoxville.com/Apartments/module/application_authentication/","https://www.unionknoxville.com/Apartments/module/application_authentication/popup/false/kill_session/1/property%5Bid%5D/1226406/property_floorplan%5Bid%5D/987647/lease_term_id/9257/lease_start_window_id/7242/space_configuration_id/22/desired_rent_min/1,840/desired_rent_max/1,840"
"https://www.unionknoxville.com/Apartments/module/application_authentication/popup/false/kill_session/1/property%5Bid%5D/1226406/property_floorplan%5Bid%5D/987656/lease_term_id/9257/lease_start_window_id/7242/space_configuration_id/22/desired_rent_min/1,565/desired_rent_max/1,565","text/html; charset=UTF-8","200","","","","","279","https://www.unionknoxville.com/Apartments/module/application_authentication/","https://www.unionknoxville.com/Apartments/module/application_authentication/popup/false/kill_session/1/property%5Bid%5D/1226406/property_floorplan%5Bid%5D/987656/lease_term_id/9257/lease_start_window_id/7242/space_configuration_id/22/desired_rent_min/1,565/desired_rent_max/1,565"
"https://www.unionknoxville.com/Apartments/module/application_authentication/popup/false/kill_session/1/property%5Bid%5D/1226406/property_floorplan%5Bid%5D/987649/lease_term_id/9257/lease_start_window_id/7242/space_configuration_id/202/desired_rent_min/1,585/desired_rent_max/1,585","text/html; charset=UTF-8","200","","","","","280","https://www.unionknoxville.com/Apartments/module/application_authentication/","https://www.unionknoxville.com/Apartments/module/application_authentication/popup/false/kill_session/1/property%5Bid%5D/1226406/property_floorplan%5Bid%5D/987649/lease_term_id/9257/lease_start_window_id/7242/space_configuration_id/202/desired_rent_min/1,585/desired_rent_max/1,585"
"https://www.unionknoxville.com/Apartments/module/application_authentication/popup/false/kill_session/1/property%5Bid%5D/1226406/property_floorplan%5Bid%5D/987661/lease_term_id/9257/lease_start_window_id/7242/space_configuration_id/22/desired_rent_min/1,575/desired_rent_max/1,575","text/html; charset=UTF-8","200","","","","","279","https://www.unionknoxville.com/Apartments/module/application_authentication/","https://www.unionknoxville.com/Apartments/module/application_authentication/popup/false/kill_session/1/property%5Bid%5D/1226406/property_floorplan%5Bid%5D/987661/lease_term_id/9257/lease_start_window_id/7242/space_configuration_id/22/desired_rent_min/1,575/desired_rent_max/1,575"
"https://www.unionknoxville.com/Apartments/module/application_authentication/popup/false/kill_session/1/property%5Bid%5D/1226406/property_floorplan%5Bid%5D/987651/lease_term_id/9257/lease_start_window_id/7242/space_configuration_id/22/desired_rent_min/1,600/desired_rent_max/1,600","text/html; charset=UTF-8","200","","","","","279","https://www.unionknoxville.com/Apartments/module/application_authentication/","https://www.unionknoxville.com/Apartments/module/application_authentication/popup/false/kill_session/1/property%5Bid%5D/1226406/property_floorplan%5Bid%5D/987651/lease_term_id/9257/lease_start_window_id/7242/space_configuration_id/22/desired_rent_min/1,600/desired_rent_max/1,600"
